SID_3;Alaska;Alaska;;;;;;;;x
SID_2648;Northwest Territories Yukon;Northwest Territories Yukon;
SID_13;British Columbia;Colombie britannique;;;;;;;;x
SID_26;Alberta;Alberta;;;;;;;;x
SID_30;Saskatchewan;Saskatchewan;;;;;;;;x
SID_36;Manitoba;Manitoba;;;;;;;;x
SID_57;Ontario Ottawa;Ontario Ottawa;
SID_46;Ontario;Ontario;;;;;;;;x
SID_65;Quebec;Québécois;;;;;;;;x
SID_58;Montreal;Montréal;;;;;;;;x
SID_60;Northern Quebec;Northern Quebec;
SID_71;Maritimes;Maritimes;
SID_74;Newfoundland;Terre-Neuve;;;;;;;;x
SID_76;Labrador;Labrador;
SID_78;Washington;Washington;;;;;;;;x
SID_81;Oregon;Oregon;;;;;;;;x
SID_86;California;Californie;;;;;;;;x
SID_84;Silicon Valley;Silicon Valley;
SID_89;West California;West California;
SID_90;South California;South California;
SID_96;Nevada;Nevada;
SID_97;Utah;Utah;
SID_100;Arizona;Arizona;;;;;;;;x
SID_104;New Mexico;Nouveau-Mexique;;;;;;;;x
SID_106;Colorado;Colorado;;;;;;;;x
SID_110;Wyoming;Wyoming;;;;;;;;x
SID_116;Montana;Montana;;;;;;;;x
SID_91;Idaho;Idaho;;;;;;;;x
SID_129;Oklahoma;Oklahoma;;;;;;;;x
SID_132;Texas;Texas;;;;;;;;x
SID_146;Missouri;Missouri;;;;;;;;x
SID_126;Kansas;Kansas;;;;;;;;x
SID_123;Nebraska;Nebraska;;;;;;;;x
SID_151;Iowa;Iowa;;;;;;;;x
SID_158;Minnesota;Minnesota;;;;;;;;x
SID_117;North Dakota;Dakota du nord;;;;;;;;x
SID_120;South Dakota;Dakota du sud;;;;;;;;x
SID_163;Illinois;Illinois;;;;;;;;x
SID_192;Mississippi;Mississippi;;;;;;;;x
SID_169;Indiana;Indiana;;;;;;;;x
SID_173;Michigan;Michigan;;;;;;;;x
SID_184;Kentucky;Kentucky;;;;;;;;x
SID_139;Louisiana;Louisiane;;;;;;;;x
SID_195;Alabama;Alabama;;;;;;;;x
SID_199;Florida;Floride;;;;;;;;x
SID_201;Georgia;Géorgie;;;;;;;;x
SID_206;South Carolina;South Carolina;
SID_209;North Carolina;Caroline du nord;;;;;;;;x
SID_213;Virginia;Virginie;;;;;;;;x
SID_220;Maryland Delaware DC;Maryland Delaware DC;
SID_223;Philadelphia;Philadelphia;;;;;;;;x
SID_227;Pennsylvania;Pennsylvanie;;;;;;;;x
SID_229;New Jersey;New Jersey;;;;;;;;x
SID_232;New York;New York;;;;;;;;x
SID_243;New England;Nelle-Angleterre;;;;;;;;x
SID_254;Northen Ireland;Northen Ireland;
SID_263;Sothern Ireland;Sothern Ireland;
SID_271;Scotland;Écosse;;;;;;;;x
SID_273;Wales;Pays de Galles;;;;;;;;x
SID_278;North England;North England;
SID_284;Midlands;Midlands;;;;;;;;x
SID_300;South England;South England;
SID_251;Greenland;Greenland;
SID_252;Iceland;Islande;;;;;;;;x
SID_313;Norway;Norvège;;;;;;;;x
SID_322;Svealand;Svealand;;;;;;;;x
SID_329;Götaland;Götaland;;;;;;;;x
SID_334;Scania;Scania;
SID_343;Finland;Finlande;;;;;;;;x
SID_346;Österbotten;Österbotten;
SID_348;Åland;Åland;
SID_372;Denmark;Danemark;;;;;;;;x
SID_377;Utrecht;Utrecht;;;;;;;;x
SID_375;North Holland;North Holland;
SID_376;South Holland;South Holland;
SID_390;Flanders;Flandres;;;;;;;;x
SID_387;Brussels;Bruxelles;;;;;;;;x
SID_394;Wallonia;Wallonie;;;;;;;;x
SID_425;Ile de France;Ile-de-France;;;;;;;;x
SID_412;Grand Est;Grand Est;
SID_428;Bourgogne-Franche-Comté;Bourgogne-Franche-Comté;
SID_423;Bretagne;Bretagne;;;;;;;;x
SID_451;Rhone;Rhône;;;;;;;;x
SID_458;Aquitaine;Aquitaine;;;;;;;;x
SID_467;Provence;Provence;;;;;;;;x
SID_441;Centre-Val de Loire;Centre-Val de Loire;
SID_455;Occitanie;Occitanie;
SID_474;Galicia;Galice;;;;;;;;x
SID_487;Castile;Castile;
SID_475;León;León;;;;;;;;x
SID_495;Aragon;Aragon;
SID_484;Extremadura;Estrémadure;;;;;;;;x
SID_492;Basque Country;Basque Country;
SID_498;Catalonia;Catalogne;;;;;;;;x
SID_503;Valencia;Valence;;;;;;;;x
SID_509;Andalucia;Andalucia;
SID_518;North Portugal;North Portugal;
SID_521;South Portugal;South Portugal;
SID_502;Balearic Islands;Îles Baléares;;;;;;;;x
SID_528;Schleswig-Holstein;Slesvig-Holstein;;;;;;;;x
SID_534;Lower Saxony;Lower Saxony;
SID_551;Brandenburg Mecklenburg;Brandenburg Mecklenburg;
SID_559;Saxony Thuringia;Saxony Thuringia;
SID_549;Berlin;Berlin;;;;;;;;x
SID_564;Hessen;Hesse;;;;;;;;x
SID_573;Saarland;Saarland;
SID_397;Luxembourg;Luxembourg;;;;;;;;x
SID_575;North Rhine-Westphalia;North Rhine-Westphalia;
SID_570;Rhineland-Palatinate;Rhineland-Palatinate;
SID_578;Düsseldorf;Düsseldorf;
SID_580;Ruhr;Ruhr;
SID_589;BadenWurttemburg;BadenWurttemburg;
SID_599;Bavaria;Bavière;;;;;;;;x
SID_603;East Switzerland;Suisses de l'est;;;;;;;;x
SID_2568;South Switzerland;South Switzerland;
SID_607;West Switzerland;Suisse de l'ouest;;;;;;;;x
SID_682;Lower Silesia West Pomerania;Lower Silesia West Pomerania;
SID_685;Upper Silesia;Upper Silesia;
SID_690;East Pomerania;East Pomerania;
SID_693;Masuria;Masuria;
SID_695;Kaliningrad;Kaliningrad;
SID_699;Greater Poland;Greater Poland;
SID_612;Tirol;Tyrol;;;;;;;;x
SID_616;Carinthia-Styria;Carinthia-Styria;
SID_613;Upper Austria;Upper Austria;
SID_619;Lower Austria;Lower Austria;
SID_631;Moravia;Moravie;;;;;;;;x
SID_625;Bohemia;Bohême;;;;;;;;x
SID_633;Slovakia;Slovaquie;;;;;;;;x
SID_950;Carpathian Ruthenia;Carpathian Ruthenia;
SID_641;Hungary;Hongrie;;;;;;;;x
SID_654;Western Transylvania;Western Transylvania;
SID_2533;Eastern Transylvania;Eastern Transylvania;
SID_703;Lesser Poland;Lesser Poland;
SID_702;Lviv;Lviv;
SID_662;Chernivtsi;Chernivtsi;
SID_735;South Tirol;Tyrol du sud;;;;;;;;x
SID_768;Slovenia;Slovénie;;;;;;;;x
SID_771;Croatia;Croatie;;;;;;;;x
SID_793;Krajina;Krajina;
SID_780;Dalmatia;Dalmatie;;;;;;;;x
SID_791;Vojvodina;Vojvodina;
SID_2538;Backa;Backa;
SID_726;North Italy;North Italy;
SID_720;Piemonte;Piémont;;;;;;;;x
SID_741;Emilia Romagna;Emilia Romagna;
SID_744;Tuscany;Toscane;;;;;;;;x
SID_749;Lazio;Lazio;;;;;;;;x
SID_754;South Italy;South Italy;
SID_762;Sicily;Sicile;;;;;;;;x
SID_765;Sardinia;Sardinia;
SID_473;Corscia;Corscia;
SID_664;Romania;Roumanie;;;;;;;;x
SID_818;Dobrudja;Dobrudja;;;;;;;;x
SID_676;Besserabia;Besserabia;
SID_677;Transnistria;Transnistria;
SID_2589;Gagauzia;Gagauzia;
SID_794;Serbia;Serbie;;;;;;;;x
SID_2583;Montenegro;Monténégro;;;;;;;;x
SID_806;Macedonia;Macedonia;
SID_785;Srpska;Srpska;
SID_802;Kosovo;Kosovo;
SID_803;Mitrovica;Mitrovica;;;;;;;;x
SID_783;Bosnia;Bosnie;;;;;;;;x
SID_788;Herzegovina;Herzegovina;
SID_807;Northwestern Macedonia;Northwestern Macedonia;
SID_809;Bulgaria;Bulgarie;;;;;;;;x
SID_830;Eastern Macedonia;Eastern Macedonia;
SID_805;Southern Macedonia;Southern Macedonia;
SID_834;Greece;Grèce;;;;;;;;x
SID_846;Dodecanese;Dodécanèse;;;;;;;;x
SID_849;Albania;Albanie;;;;;;;;x
SID_853;Eripidus;Eripidus;
SID_855;Cyprus;Chypre;;;;;;;;x
SID_857;North Cyprus;North Cyprus;
SID_860;Thrace;Thrace;;;;;;;;x
SID_869;Izmir;Izmir;;;;;;;;x
SID_875;Antalaya;Antalaya;
SID_863;Hudavendigar;Hudavendigar;;;;;;;;x
SID_873;Konya;Konya;;;;;;;;x
SID_876;Ankara;Ankara;;;;;;;;x
SID_882;East Turkey;East Turkey;
SID_893;Diyarbakir;Diyarbakir;;;;;;;;x
SID_901;Rojava;Rojava;
SID_894;Adana;Adana;;;;;;;;x
SID_898;Antep;Gaziantep;;;;;;;;x
SID_900;Antioch;Antioche;;;;;;;;x
SID_905;Lactia;Lactia;
SID_897;Aleppo;Alep;;;;;;;;x
SID_902;Damascus;Damas;;;;;;;;x
SID_910;Transjordan;Transjordan;;;;;;;;x
SID_915;Lebanon;Liban;;;;;;;;x
SID_919;Israel;Israël;;;;;;;;x
SID_917;Jerusalem;Jérusalem;;;;;;;;x
SID_920;Gaza;Gaza;;;;;;;;x
SID_918;WestBank;WestBank;
SID_2687;Golan Heights;Golan Heights;
SID_923;Mosul;Mossoul;;;;;;;;x
SID_925;Iraqi Kurdistan;Iraqi Kurdistan;
SID_926;Baghdad;Bagdad;;;;;;;;x
SID_932;Basra;Bassora;;;;;;;;x
SID_935;Kuwait;Koweït;;;;;;;;x
SID_1090;Georgia;Géorgie;;;;;;;;x
SID_1096;Adjara;Adjara;
SID_1095;Abkhazia;Abkhazia;
SID_1091;South Ossetia;South Ossetia;
SID_1098;Armenia;Arménie;;;;;;;;x
SID_1106;Nagorno-Karabakh;Nagorno-Karabakh;
SID_1102;Azerbaijan;Azerbaïdjan;;;;;;;;x
SID_1101;Nakhichevan;Nakhitchevan;;;;;;;;x
SID_1108;East Azerbadjan;East Azerbadjan;
SID_1111;West Azerbadjan;West Azerbadjan;
SID_1121;Irakajemi;Irakajemi;;;;;;;;x
SID_1117;Kurdistan;Kurdistan;
SID_1127;Isfahan;Ispahan;;;;;;;;x
SID_1132;Khuzestan; Khouzestan;;;;;;;;x
SID_1135;Shiraz;Shiraz;;;;;;;;x
SID_1152;Jeddah;Jeddah;
SID_1157;Riyadh;Riyadh;;;;;;;;x
SID_1163;East Province;East Province;
SID_1168;Arab Emirates;Arab Emirates;
SID_1165;Qatar;Qatar;
SID_1162;Bahrain;Bahreïn;;;;;;;;x
SID_1166;Oman;Oman;;;;;;;;x
SID_1412;South Yemen;South Yemen;
SID_1178;Yemen;Yémen;;;;;;;;x
SID_1189;Kyrgyzstan;Kyrgyzstan;
SID_1195;Uzbekistan;Uzbekistan;
SID_1192;Karakalpakstan;Karakalpakstan;
SID_1207;Tajikistan;Tadjikistan;;;;;;;;x
SID_1208;Gorno-Badakhshan;Gorno-Badakhshan;
SID_1211;North Afghanistan;North Afghanistan;
SID_1209;Afghanistan;Afghanistan;;;;;;;;x
SID_1218;Pashtunistan;Pashtunistan;
SID_1225;AzadKashmir;AzadKashmir;
SID_2653;Tribal Areas;Tribal Areas;
SID_349;Estonia;Estonie;;;;;;;;x
SID_354;Latvia;Lettonie;;;;;;;;x
SID_361;Lithuania;Lituanie;;;;;;;;x
SID_360;Vilnius;Vilnius;;;;;;;;x
SID_995;East Karelia;East Karelia;
SID_339;West Karelia;West Karelia;
SID_982;Petsamo;Petsamo;;;;;;;;x
SID_706;Central Poland;Central Poland;
SID_936;Grodno;Grodno;;;;;;;;x
SID_718;Belarus;Biélorussie;;;;;;;;x
SID_943;Smolensk;Smolensk;;;;;;;;x
SID_958;Kiev;Kiev;;;;;;;;x
SID_955;Podillia;Podillia;
SID_964;Crimea;Crimée;;;;;;;;x
SID_968;Odessa;Odessa;;;;;;;;x
SID_980;Donetsk;Donetsk;
SID_974;Dnipropetrovsk;Dnipropetrovsk;
SID_979;Rostov;Rostov;;;;;;;;x
SID_998;Tver;Tver;;;;;;;;x
SID_987;Komi;Komi;
SID_977;Kursk;Koursk;;;;;;;;x
SID_994;St Petersburg;Saint-Pétersbourg;;;;;;;;x
SID_1008;Moscow;Moscou;;;;;;;;x
SID_1020;Nizhni-Novgorod;Nizhni-Novgorod;
SID_1030;Tatarstan;Tatarstan;
SID_1033;Chuvashia;Chuvashia;
SID_1032;Mari;Mari;
SID_1026;Perm;Perm;;;;;;;;x
SID_1037;Saratov;Saratov;;;;;;;;x
SID_1021;Mordovia;Mordovia;
SID_1025;Voronets;Voronets;;;;;;;;x
SID_1039;Stalingrad;Stalingrad;
SID_1041;Kalmykia;Kalmykia;
SID_1051;Adygei;Adygei;;;;;;;;x
SID_1056;Karachay-Cherkessia;Karachay-Cherkessia;
SID_1052;Kabardino-Balkaria;Kabardino-Balkaria;
SID_1054;NorthOssetia;NorthOssetia;
SID_1053;Ingushetia;Ingushetia;
SID_1055;Chechnya;Chechnya;
SID_1057;Dagestan;Dagestan;
SID_1064;Novosibirsk;Novosibirsk;
SID_1066;Tobolsk;Tobolsk;;;;;;;;x
SID_1061;Tyumen;Tioumen;;;;;;;;x
SID_1070;Yakutsk;Yakutsk;;;;;;;;x
SID_1074;Kamchatka;Kamchatka;;;;;;;;x
SID_1075;Irkutsk;Irkoutsk;;;;;;;;x
SID_1079;Buryatia;Buryatia;
SID_1469;Tuvas;Tuvas;
SID_2617;PrimorskyKrai;PrimorskyKrai;
SID_1186;Kazakstan;Kazakstan;
SID_1181;NorthKazakstan;NorthKazakstan;
SID_986;Baikonur;Baikonur;
SID_1196;Turkmenistan;Turkmenistan;
SID_1077;Tomsk;Tomsk;;;;;;;;x
SID_1068;Altai;Altai;
SID_2587;Kola;Kola;;;;;;;;x
SID_1048;Ekaterineburg;Ekaterineburg;
SID_1059;Chelyabinsk;Tcheliabinsk;;;;;;;;x
SID_1042;Basharostan;Basharostan;
SID_1254;EastBengal;EastBengal;
SID_1251;WestBengal;WestBengal;
SID_2644;Uttar Pradesh;Uttar Pradesh;
SID_1247;Bihar;Bihar;;;;;;;;x
SID_1221;Baluchistan;Baloutchistan;;;;;;;;x
SID_1144;West Baluchistan;West Baluchistan;
SID_1224;Kashmir;Cachemire;;;;;;;;x
SID_1230;Islamabad;Islamabad;
SID_1227;Punjab;Punjab;;;;;;;;x
SID_1233;East Punjab;East Punjab;
SID_1235;Shimla;Shimla;;;;;;;;x
SID_2651;Haryana;Haryana;
SID_1236;Delhi;Delhi;;;;;;;;x
SID_1245;Purvanchal;Purvanchal;
SID_1242;Uttar Pradesh;Uttar Pradesh;
SID_1257;Chittagong;Chittagong;;;;;;;;x
SID_2657;South Bengal;Bengal du sud;;;;;;;;x
SID_2680;Hilltracts;Hilltracts;
SID_1252;North Bengal;Bengal du nord;;;;;;;;x
SID_1258;Meghalaya;Meghalaya;
SID_1259;Manipur;Manipur;
SID_1260;Assam;Assam;;;;;;;;x
SID_2566;Mizoram;Mizoram;
SID_2693;Bodoland;Bodoland;
SID_3278;Arunachal Pradesh;Arunachal Pradesh;
SID_3279;Nagaland;Nagaland;
SID_3280;Tripura;Tripura;
SID_1261;Orissa;Orissa;;;;;;;;x
SID_1272;Madhya Pradesh;Madhya Pradesh;
SID_1280;Chhattisgarh;Chhattisgarh;
SID_1303;Goa;Goa;;;;;;;;x
SID_1288;Sindh;Sindh;;;;;;;;x
SID_1268;Rajputana Rajastan;Rajputana Rajastan;
SID_1283;Telangana;Telangana;
SID_1286;Gulbarga;Gulbarga;;;;;;;;x
SID_1291;GujaratAhmedabad;GujaratAhmedabad;
SID_1296;GujaratSurat;GujaratSurat;
SID_1297;Maharashtra;Maharashtra;
SID_2655;Thane;Thane;
SID_1277;Nagpur;Nagpur;;;;;;;;x
SID_1284;Aurangbad;Aurangbad;
SID_1304;Tamil Nadu Madras;Tamil Nadu Madras;
SID_1312;Pondicherry;Pondichéry;;;;;;;;x
SID_1311;Tamil Nadu Coimbatore;Tamil Nadu Coimbatore;
SID_1305;AndhraPradesh;AndhraPradesh;
SID_1314;Karnataka;Karnataka;
SID_1302;Karnataka;Karnataka;
SID_1319;Travancore;Travancore;;;;;;;;x
SID_1321;SriLanka;SriLanka;
SID_1322;Tamil Eelam;Tamil Eelam;
SID_1326;Nepal;Népal;;;;;;;;x
SID_1328;Sikkim;Sikkimien;;;;;;;;x
SID_1334;North Burma;North Burma;
SID_1330;South Burma;South Burma;
SID_1345;Rakhine;Rakhine;
SID_1320;Andaman Islands;Îles Andaman;;;;;;;;x
SID_1342;Kachin;Kachin;;;;;;;;x
SID_1343;Mon State;Mon State;
SID_2123;Comoros;Comores;;;;;;;;x
SID_2124;Mayotte;Mayotte;;;;;;;;x
SID_2125;Mauritius;Île Maurice;;;;;;;;x
SID_2126;Reunion;Reunion;
SID_2127;Seychelles;Seychelles;;;;;;;;x
SID_1392;Patani;Patani;
SID_1355;Northen Thailand;Northen Thailand;
SID_1340;Shan;Shan;;;;;;;;x
SID_1338;Kayin;Kayin;
SID_1357;Laos;Laos;;;;;;;;x
SID_1358;Isan;Isan;
SID_1364;Cambodia;Cambodge;;;;;;;;x
SID_1369;North Vietnam;North Vietnam;
SID_1380;South Vietnam;South Vietnam;
SID_1386;Malacka;Malacka;
SID_1387;Malaysia;Malaysia;
SID_1384;Singapore;Singapour;;;;;;;;x
SID_1346;Thailand;Thailand;
SID_1417;Central Java;Central Java;
SID_1394;Sarwak;Sarwak;
SID_1393;Brunei;Brunéien;;;;;;;;x
SID_1396;Sabah;Sabah;
SID_1399;South Sumatra;South Sumatra;
SID_1405;Aceh;Aceh;;;;;;;;x
SID_1406;North Sumatra;North Sumatra;
SID_1402;Riau Islands;Riau Islands;
SID_1413;Jakarta;Jakarta;
SID_1414;Java Bekasi;Java Bekasi;
SID_2620;Java Barat;Java Barat;
SID_1418;Eastern Java;Eastern Java;
SID_1429;Kalimatan;Kalimatan;
SID_1438;Bali;Bali;;;;;;;;x
SID_1446;East Timor;East Timor;
SID_1451;Ambon;Ambon;;;;;;;;x
SID_1442;West Nusa Tenggara;West Nusa Tenggara;
SID_1445;East Nusa Tenggara;East Nusa Tenggara;
SID_1430;Sulawesi;Sulawesi;
SID_1453;New Guinea;New Guinea;
SID_1455;Luzón;Luzón;
SID_2565;Visayas;Visayas;;;;;;;;x
SID_1463;Mindanao;Mindanao;;;;;;;;x
SID_1065;Xikang;Xikang;
SID_1072;Hsingan;Hsingan;
SID_1555;Jilin;Jilin;;;;;;;;x
SID_1085;Yanbian;Yanbian;
SID_2668;Guangdong;Kwangtung;;;;;;;;x
SID_1499;Hainan;Hainan;;;;;;;;x
SID_1496;Hong Kong;Hong Kong;;;;;;;;x
SID_1498;Macao;Macao;;;;;;;;x
SID_1617;Tianjin;Tianjin;;;;;;;;x
SID_1612;Beijing;Beijing;;;;;;;;x
SID_1465;Mongolia;Tibet;;;;;;;;x
SID_1477;Anhui;Anhui;
SID_1479;Fengtian Liaoning;Fengtian Liaoning;
SID_1481;Dalian;Dalian;
SID_1482;Fujian;Fujian;;;;;;;;x
SID_1485;Taiwan;Taiwan;
SID_1490;Gansu;Kansuh;;;;;;;;x
SID_1491;Ningxia;Ningxia;;;;;;;;x
SID_1493;Guangdong;Kwangtung;;;;;;;;x
SID_2576;South China Sea;Mer de Chine méridionale;;;;;;;;x
SID_1504;Guangxi;Kwangsi;;;;;;;;x
SID_1505;Guizhou;Guizhou;
SID_1511;Henan;Honan;;;;;;;;x
SID_1058;Ekaterineburg;Ekaterineburg;
SID_1522;Hubei;Hubei;
SID_1524;Hunan;Hunan;;;;;;;;x
SID_1532;Inner Mongolia;Mongolie Intérieure;;;;;;;;x
SID_1535;Left Banner;Left Banner;
SID_1538;Shanghai;Shanghai;;;;;;;;x
SID_2221;Jiangsu;Jiangsu;;;;;;;;x
SID_1545;Jiangxi;Jiangxi;;;;;;;;x
SID_1552;Heilongjiang Chahar;Heilongjiang Chahar;
SID_1557;Kokonor Qinghai;Kokonor Qinghai;
SID_1559;Shaanxi;Shaanxi;
SID_1563;West Shandong;West Shandong;
SID_1565;East Shandong;East Shandong;
SID_1572;Shanxi;Shanxi;;;;;;;;x
SID_1578;Sichuan;Sichuan;;;;;;;;x
SID_1579;Chongqing;Chongqing;;;;;;;;x
SID_1587;Chamdo;Chamdo;;;;;;;;x
SID_1588;Tibet;Tibet;;;;;;;;x
SID_1329;Buthan;Buthan;
SID_1593;South Tibet;South Tibet;
SID_1594;Kashgar Xinjiang;Kashgar Xinjiang;
SID_3281;Aksai Chin;Aksai Chin;
SID_1600;Urumqui Xinjiang;Urumqui Xinjiang;
SID_1595;Ili Xinjiang;Ili Xinjiang;
SID_1601;Yunnan;Yunnan;;;;;;;;x
SID_1604;Zhejiang;Zhejiang;;;;;;;;x
SID_18;Hebei;Hebei;
SID_1616;Tangshan;Tangshan;
SID_1619;Pyongyang;Pyongyang;;;;;;;;x
SID_1624;Seoul;Séoul;;;;;;;;x
SID_1633;Daegu;Daegu;
SID_1631;Busan;Busan;;;;;;;;x
SID_1642;Ezo;Ezo;
SID_1638;Chugoku;Chugoku;
SID_1649;Kanto;Kanto;;;;;;;;x
SID_1651;Yukohama;Yukohama;
SID_1654;Okinawa;Okinawa;;;;;;;;x
SID_1657;Kansai Kyoto;Kansai Kyoto;
SID_1655;Kansai Osaka;Kansai Osaka;
SID_1660;Kyushu;Kyushu;;;;;;;;x
SID_1659;Shikoku Kobe;Shikoku Kobe;
SID_1668;Tohoku;Tohoku;;;;;;;;x
SID_1675;Chubu;Chubu;;;;;;;;x
SID_1774;West Sahara;West Sahara;
SID_1773;Sahrawi;Sahrawi;
SID_1691;Morocco;Maroc;;;;;;;;x
SID_1680;Fez;Fez;;;;;;;;x
SID_1687;al Rif;al Rif;;;;;;;;x
SID_1689;Melilla;Melilla;;;;;;;;x
SID_1700;Algiers;Alger;;;;;;;;x
SID_1704;Oran;Oran;;;;;;;;x
SID_1708;Constantine;Constantine;;;;;;;;x
SID_1713;Interior Algeria;Interior Algeria;
SID_1725;Tunisia;Tunisie;;;;;;;;x
SID_1731;Tripolitania;Tripolitania;
SID_1735;Cyrenaica;Cyrenaica;
SID_1744;Fezzan;Fezzan;
SID_1745;Cairo;Cairo;;;;;;;;x
SID_1769;Luxor;Louxor;;;;;;;;x
SID_1751;Alexandria;Alexandrie;;;;;;;;x
SID_1756;Sinai;Sinai;;;;;;;;x
SID_1755;Suez;Canal de Suez;;;;;;;;x
SID_1808;Niger;Niger;;;;;;;;x
SID_1818;Chad;Tchad;;;;;;;;x
SID_1827;Sudan;Soudan;;;;;;;;x
SID_1834;Halaib;Halaib;;;;;;;;x
SID_1842;Darfur;Darfour;;;;;;;;x
SID_1839;BlueNile;BlueNile;
SID_1852;Amhara Gumuz;Amhara Gumuz;
SID_1856;Tigray Afar;Tigray Afar;
SID_1860;SNNPR;SNNPR;
SID_1859;Oromia;Oromia;;;;;;;;x
SID_1865;Somali;Somali;;;;;;;;x
SID_1848;Eritrea;L'Érythrée;;;;;;;;x
SID_1868;Somalia;Somalia;
SID_1872;Puntaland;Puntaland;
SID_1873;Somaliland;Somalie;;;;;;;;x
SID_1875;Djibuti;Djibouti;;;;;;;;x
SID_2024;Kenya;Kenya;;;;;;;;x
SID_2029;Mombasa;Mombasa;;;;;;;;x
SID_2031;South Somalia;South Somalia;
SID_2028;Rift Valley;Vallée du Rift;;;;;;;;x
SID_2048;Zanzibar;Zanzibar;;;;;;;;x
SID_2036;Tanganyika;Tanzanie;;;;;;;;x
SID_2044;Mwanza;Mwanza;;;;;;;;x
SID_1775;Mauritania;Mauritania;
SID_1783;Senegal;Sénégal;;;;;;;;x
SID_1792;Casamance;Casamance;
SID_1785;Gambia;Gambie;;;;;;;;x
SID_1794;Mali;Mali;
SID_1803;Timbuktu;Tombouctou;;;;;;;;x
SID_1884;Sierra Leone;Sierra Leone;;;;;;;;x
SID_1879;Guinea;Guinée;;;;;;;;x
SID_1877;Guinea-Bissau;Guinea-Bissau;
SID_1887;Liberia;Libéria;;;;;;;;x
SID_1892;North Ivory Coast;North Ivory Coast;
SID_1895;South IvoryCoast;South IvoryCoast;
SID_1901;Upper Volta;Upper Volta;
SID_1907;Ghana;Ghana;;;;;;;;x
SID_1910;Ashanti;Ashanti;
SID_1913;North Ghana;North Ghana;
SID_1914;Togo;Togo;;;;;;;;x
SID_1915;Togoland;Togoland;
SID_1919;Benin;Bénin;;;;;;;;x
SID_1923;Yoruba;Yoruba;;;;;;;;x
SID_1925;Oyo;Oyo;
SID_1941;Central Nigeria;Central Nigeria;
SID_1928;Benin;Bénin;;;;;;;;x
SID_1934;Biafra;Biafra;
SID_1945;North Nigeria;North Nigeria;
SID_1954;São Tomé and Príncipe;São Tomé and Príncipe;
SID_1955;Equatorial Guinea;Equatorial Guinea;
SID_1959;Cameroon;Cameroon;
SID_1963;North Cameroon;Nord du Cameroun;;;;;;;;x
SID_1957;Ambazonia;Ambazonia;
SID_1965;Central Africa;Central Africa;
SID_1971;Seleka;Seleka;
SID_1972;Gabon;Gabon;;;;;;;;x
SID_1977;Congo;Congo;;;;;;;;x
SID_1982;Kinshasa;Kinshasa;;;;;;;;x
SID_1986;South Kasai;South Kasai;
SID_1987;Katanga;Katanga;;;;;;;;x
SID_1992;Kisangani;Kisangani;;;;;;;;x
SID_1997;Ituri;Ituri;
SID_1991;Kivu;Kivu;
SID_2012;Zambia;Zambie;;;;;;;;x
SID_2013;Barotseland;Barotseland;
SID_2019;Uganda;Ouganda;;;;;;;;x
SID_2034;Rwanda;Rwanda;
SID_2035;Burundi;Burundi;
SID_1999;North Angola;Nord de l’Angola;;;;;;;;x
SID_2008;North Ovamboland;North Ovamboland;
SID_2000;Cabinda;Cabinda;;;;;;;;x
SID_2006;East Angola;Est de l’Angola;;;;;;;;x
SID_2049;Maputo;Maputo;;;;;;;;x
SID_2063;Niassa;Niassa;
SID_2059;Zambezia;Zambezia;;;;;;;;x
SID_2107;North West;North West;
SID_2067;Malawi;Malawi;
SID_2068;Mashonaland;Mashonaland;
SID_2071;Matabeleland;Matabeleland;
SID_2074;Botswana;Botswana;;;;;;;;x
SID_2078;Hereroland;Hereroland;;;;;;;;x
SID_2080;Owamboland;Owamboland;
SID_2087;Cape;Cape;
SID_2096;Eastern Cape;Cap oriental;;;;;;;;x
SID_2672;Transkei;Transkei;
SID_2100;Ciskei;Ciskei;
SID_2103;Vrystaat;Vrystaat;;;;;;;;x
SID_2665;Qwa Qwa;Qwa Qwa;
SID_2106;Guateng;Guateng;
SID_2109;Mpumalanga;Mpumalanga;
SID_2114;Swaziland;Swaziland;
SID_2619;KaNgwane;KaNgwane;
SID_2667;Gazankulu;Gazankulu;
SID_2652;Venda;Venda;
SID_2647;Polokwane;Polokwane;
SID_2643;KwaNdebele;KwaNdebele;
SID_2649;Bophuthatswana;Bophuthatswana;
SID_2113;Zululand;Zululand;
SID_2111;Natal;Natal;;;;;;;;x
SID_2104;Lesotho;Lesotho;
SID_2115;Madagascar;Madagascar;;;;;;;;x
SID_2139;Baja California;Baja California;
SID_2143;Chihuahua Sonora;Chihuahua Sonora;
SID_2146;Nuevo León Tamaulipas.;Nuevo León Tamaulipas.;
SID_2153;Durango Sinaloa;Durango Sinaloa;
SID_2155;Coahuila;Coahuila;
SID_2183;Yucatan;Yucatan;
SID_2176;Puebla;Puebla;;;;;;;;x
SID_38;Mexico City;Mexico;;;;;;;;x
SID_2172;Morelos;Morelos;;;;;;;;x
SID_2174;Toluca;Toluca;;;;;;;;x
SID_2170;West;West;
SID_2167;North-Cental;North-Cental;
SID_2186;Guatemala;Guatemala;;;;;;;;x
SID_2191;El Salvador;Salvador;;;;;;;;x
SID_2193;Honduras;Honduras;;;;;;;;x
SID_2196;Puerto Lampira;Puerto Lampira;
SID_2197;Nicaragua;Nicaragua;;;;;;;;x
SID_2200;Mosquito;Mosquito;
SID_2201;CostaRica;CostaRica;
SID_1723;Panama Canal;Canal de Panama ;;;;;;;;x
SID_2204;Panama;Panama;;;;;;;;x
SID_2209;Cuba;Cuba;;;;;;;;x
SID_2213;Haiti;Haïti;;;;;;;;x
SID_2214;Dominican;Dominicain;;;;;;;;x
SID_203;Bermuda;Bermuda;;;;;;;;x
SID_2218;Cayman Islands;Îles Caïman;;;;;;;;x
SID_2217;Jamaica;Jamaïque;;;;;;;;x
SID_2219;Bahamas;Bahamas;;;;;;;;x
SID_2220;Tuks and Ciacos;Tuks and Ciacos;
SID_2222;Puerto Rico;Puerto Rico;;;;;;;;x
SID_2223;Saint Thomas;Saint Thomas;;;;;;;;x
SID_2224;Antigua and Barbuda;Antigua and Barbuda;
SID_2225;Monserrat;Monserrat;
SID_2226;Virgin Islands;Virgin Islands;
SID_2227;SaintKitts;SaintKitts;
SID_2236;Saint Martin;Saint-Martin;;;;;;;;x
SID_2228;Martinique;Martinique;;;;;;;;x
SID_2231;Saint Lucia;Sainte-Lucie;;;;;;;;x
SID_2232;Dominica;Dominique;;;;;;;;x
SID_2229;Barbados;La Barbade;;;;;;;;x
SID_2409;Saint Vincent and Grenadines;Saint Vincent and Grenadines;
SID_2233;Grenada;Grenadie;;;;;;;;x
SID_2237;Trinidad and Tobago;Trinidad and Tobago;
SID_2234;Leeward Antilles;Leeward Antilles;
SID_2235;Aruba;Aruba;;;;;;;;x
SID_2243;Essequibo;Essequibo;;;;;;;;x
SID_2239;Guayana;Guayana;;;;;;;;x
SID_2240;Suriname;Suriname;
SID_2241;Guayana Cayenne;Guayana Cayenne;
SID_2275;Guyana;Guyana;
SID_2270;Zulia;Zulia;;;;;;;;x
SID_2268;Central Venezuela;Central Venezuela;
SID_2264;Eastern Venezuela;Eastern Venezuela;
SID_2252;Medelin;Medelin;
SID_2247;Bogotá;Bogotá;
SID_2260;Amazonas;Amazone;;;;;;;;x
SID_2256;Cali;Cali;;;;;;;;x
SID_2279;Ecuador;Equateur;;;;;;;;x
SID_2289;Marañón;Marañón;
SID_2426;Piauí;Piauí;
SID_2292;Trujillo;Trujillo;;;;;;;;x
SID_2304;Arequipa;Arequipa;;;;;;;;x
SID_2295;Lima;Lima;;;;;;;;x
SID_2316;Santa Cruz;Santa Cruz;;;;;;;;x
SID_2310;La Paz;La Paz;;;;;;;;x
SID_2339;Parguay;Parguay;
SID_2344;Uruguay;Uruguay;;;;;;;;x
SID_2450;São Paulo;São Paulo;;;;;;;;x
SID_2452;São Paulo Campinas;São Paulo Campinas;
SID_2402;Amazonas;Amazone;;;;;;;;x
SID_2532;Roraima;Roraima;
SID_2549;Acre;Acre;;;;;;;;x
SID_2410;Pará;Pará;;;;;;;;x
SID_2424;Maranhão;Maranhão;;;;;;;;x
SID_2429;Ceará;Ceará;
SID_2421;Brasilia;Brasilia;
SID_2418;Mato Grosso;Mato Grosso;;;;;;;;x
SID_2550;Rondônia;Rondônia;
SID_2414;Amapá;Amapá;
SID_2422;Goiás;Goiás;
SID_2416;Mato Grosso do Sul;Mato Grosso do Sul;
SID_2432;Pernambuco;Pernambouc;;;;;;;;x
SID_2434;Alagoas Sergipe;Alagoas Sergipe;
SID_2431;Rio Grande do Norte;Rio Grande do Norte;;;;;;;;x
SID_2436;Bahia;Bahia;;;;;;;;x
SID_2442;Minas Gerais;Minas Gerais;;;;;;;;x
SID_2447;Rio de Janeiro;Rio de Janeiro;;;;;;;;x
SID_2449;Espírito Santo;Espírito Santo;
SID_2457;Paraná;Paraná;;;;;;;;x
SID_2461;Santa Catarina;Santa Catarina;
SID_2463;Rio Grande do Sul;Rio Grande do Sul;;;;;;;;x
SID_2308;Arica;Arica;;;;;;;;x
SID_2305;Antofagasta;Antofagasta;;;;;;;;x
SID_2132;Atlantic Islands;Atlantic Islands;
SID_2131;Falkland Islands;Malouines;;;;;;;;x
SID_2324;Chile;Chili;;;;;;;;x
SID_2334;Patagonia;Patagonia;
SID_2336;Easter Island;Île de Pâques;;;;;;;;x
SID_2348;Buenos Aires;Buenos Aires;;;;;;;;x
SID_2363;Mesopotamia;Mesopotamia;
SID_2366;Gran Chaco;Gran Chaco;
SID_2379;La Pampa;Pampa;;;;;;;;x
SID_2389;Cuyo;Cuyo;
SID_2373;Argentine Northwest;Argentine Northwest;
SID_2392;Patagonia;Patagonia;
SID_2468;South Wales;South Wales;
SID_2476;Victoria;Victoria;;;;;;;;x
SID_2483;Queensland;Queensland;;;;;;;;x
SID_2491;South Australia;Australie du sud;;;;;;;;x
SID_2505;Northern Territory;Territoires du nord;;;;;;;;x
SID_2497;Western Australia;Australie occidentale;;;;;;;;x
SID_2509;North Island;Île du nord;;;;;;;;x
SID_2515;South Island;Île du sud;;;;;;;;x
SID_2244;Cocos Islands;Îles Cocos ;;;;;;;;x
SID_610;Micronesia;Micronésie;;;;;;;;x
SID_2518;Palau;Palau;;;;;;;;x
SID_2524;Marshall Islands;Îles Marshall;;;;;;;;x
SID_658;Hawaiian Islands;Îles d'Hawaï;;;;;;;;x
SID_2527;Kiribati;Kiribati;;;;;;;;x
SID_2541;Tuvalu;Tuvalu;
SID_2542;Wallis and Futuna;Wallis-et-Futuna;;;;;;;;x
SID_2454;Fiji;Fidji;;;;;;;;x
SID_2523;Nauru;Nauru;;;;;;;;x
SID_2517;Guam;Guam;;;;;;;;x
SID_2521;Mariana Islands;Mariana Islands;
SID_2528;New Guina;New Guina;
SID_2539;Bougainville;Bougainville;;;;;;;;x
SID_2534;Solomon Islands;Îles Salomon;;;;;;;;x
SID_1097;New Caledonia;Nouvelle-Calédonie;;;;;;;;x
SID_2535;Vanuatu;Vanuatu;;;;;;;;x
SID_2540;Tonga;Tonga;;;;;;;;x
SID_2546;Cook Islands;Cook Islands;
SID_2543;West Samoa;West Samoa;
SID_2544;East Samoa;East Samoa;
SID_2547;Tokelau;Tokelau;;;;;;;;x
SID_801;Tahiti;Tahiti;;;;;;;;x
SID_2552;Pitcairn Islands;Pitcairn Islands;
SID_736;Trieste;Trieste;;;;;;;;x
SID_770;Istria;Istrie;;;;;;;;x
SID_69;Acadia;Acadia;
SID_159;Wisconsin;Wisconsin;;;;;;;;x
SID_182;Ohio;Ohio;;;;;;;;x
SID_189;Tennessee;Tennessee;;;;;;;;x
SID_143;Arkansas;Arkansas;;;;;;;;x
SID_2179;Chiapas;Chiapas;
SID_1462;Muslim Mindanao;Muslim Mindanao;
SID_1086;North Sakhalin;North Sakhalin;
SID_1087;South Sakhalin;South Sakhalin;
SID_1088;Kurils;Kurils;
SID_1147;Khorasan East Persia;Khorasan East Persia;
SID_1876;Cape Verde;Cap-Verde;;;;;;;;x
SID_2134;Azores;Açores;;;;;;;;x
SID_2135;Madeira;Madère;;;;;;;;x
SID_2136;Canary Islands;Îles Canaries;;;;;;;;x
SID_304;Isle of Man;Île de Man;;;;;;;;x
SID_419;Channel Islands;Îles Anglo-Normandes;;;;;;;;x
SID_253;Faroe Islands;Îles Féroé;;;;;;;;x
SID_854;Malta;Malte;;;;;;;;x
SID_1325;Maldives;Maldives;;;;;;;;x
SID_2128;Diego Garcia;Diego Garcia;;;;;;;;x
SID_3282;Senkaku/Diaoyu;Senkaku/Diaoyu;
